{
  "timestamp": "2026-06-26T14:11:37.690775+00:00",
  "experiment": "joint_predictor_regression",
  "n_regions_total": 36,
  "n_silencing_regions": 9,
  "region_summary": {
    "ACA": {
      "bn_mean": 0.07245005940569914,
      "cp_mean": 0.796002944188428,
      "acc_mean": 0.7902097902097902,
      "nc_mean": 18.0,
      "n_sessions": 1
    },
    "APN": {
      "bn_mean": 0.26831804976241447,
      "cp_mean": 0.6771474908831829,
      "acc_mean": 0.647887323943662,
      "nc_mean": 62.0,
      "n_sessions": 1
    },
    "CA1": {
      "bn_mean": 0.13277083696901776,
      "cp_mean": 0.8100157246344959,
      "acc_mean": 0.6208269477001871,
      "nc_mean": 59.5,
      "n_sessions": 4
    },
    "CA3": {
      "bn_mean": 0.12036589172502714,
      "cp_mean": 0.8051636246625886,
      "acc_mean": 0.532,
      "nc_mean": 51.5,
      "n_sessions": 2
    },
    "CL": {
      "bn_mean": 0.10109297008300158,
      "cp_mean": 0.7882434475806452,
      "acc_mean": 0.7062937062937062,
      "nc_mean": 32.0,
      "n_sessions": 1
    },
    "DG": {
      "bn_mean": 0.11793307144315412,
      "cp_mean": 0.822702717767266,
      "acc_mean": 0.6349450737056371,
      "nc_mean": 38.333333333333336,
      "n_sessions": 3
    },
    "ILA": {
      "bn_mean": 0.19505242202161915,
      "cp_mean": 0.7796666072052386,
      "acc_mean": 0.464,
      "nc_mean": 144.0,
      "n_sessions": 1
    },
    "LD": {
      "bn_mean": 0.17166109172972338,
      "cp_mean": 0.7028970241282666,
      "acc_mean": 0.536,
      "nc_mean": 60.0,
      "n_sessions": 2
    },
    "LP": {
      "bn_mean": 0.1707747532572961,
      "cp_mean": 0.7499981331333906,
      "acc_mean": 0.6463464985718507,
      "nc_mean": 114.66666666666667,
      "n_sessions": 3
    },
    "LS": {
      "bn_mean": 0.15776116428132228,
      "cp_mean": 0.7442335032846358,
      "acc_mean": 0.6643356643356644,
      "nc_mean": 47.0,
      "n_sessions": 1
    },
    "LSr": {
      "bn_mean": 0.07823466597333492,
      "cp_mean": 0.7947722567287785,
      "acc_mean": 0.552,
      "nc_mean": 33.0,
      "n_sessions": 1
    },
    "MD": {
      "bn_mean": 0.24074748214675565,
      "cp_mean": 0.7103630890441506,
      "acc_mean": 0.5594405594405595,
      "nc_mean": 155.0,
      "n_sessions": 1
    },
    "MOs": {
      "bn_mean": 0.1491175959848873,
      "cp_mean": 0.8110464188974774,
      "acc_mean": 0.5637762237762237,
      "nc_mean": 73.0,
      "n_sessions": 3
    },
    "MRN": {
      "bn_mean": 0.23532509475866176,
      "cp_mean": 0.7124645341138597,
      "acc_mean": 0.6013802816901408,
      "nc_mean": 45.0,
      "n_sessions": 2
    },
    "ORB": {
      "bn_mean": 0.18814171886683423,
      "cp_mean": 0.8738079841832601,
      "acc_mean": 0.592,
      "nc_mean": 153.0,
      "n_sessions": 1
    },
    "ORBm": {
      "bn_mean": 0.16983160972583805,
      "cp_mean": 0.8068573295319554,
      "acc_mean": 0.516,
      "nc_mean": 122.0,
      "n_sessions": 1
    },
    "PAG": {
      "bn_mean": 0.09270966646976186,
      "cp_mean": 0.8109898859373904,
      "acc_mean": 0.576,
      "nc_mean": 41.0,
      "n_sessions": 1
    },
    "PL": {
      "bn_mean": 0.17149561477407196,
      "cp_mean": 0.7808899981295965,
      "acc_mean": 0.498,
      "nc_mean": 97.0,
      "n_sessions": 2
    },
    "PO": {
      "bn_mean": 0.30871966121976624,
      "cp_mean": 0.7174195922303744,
      "acc_mean": 0.5546853146853147,
      "nc_mean": 174.5,
      "n_sessions": 2
    },
    "POL": {
      "bn_mean": 0.14458432762460635,
      "cp_mean": 0.7769879060201641,
      "acc_mean": 0.6619718309859155,
      "nc_mean": 39.0,
      "n_sessions": 1
    },
    "RSP": {
      "bn_mean": 0.11755081813568513,
      "cp_mean": 0.8416488755644086,
      "acc_mean": 0.5892129091565711,
      "nc_mean": 91.33333333333333,
      "n_sessions": 3
    },
    "SCig": {
      "bn_mean": 0.31959778267871164,
      "cp_mean": 0.6624460688976818,
      "acc_mean": 0.5704225352112676,
      "nc_mean": 65.0,
      "n_sessions": 1
    },
    "SCm": {
      "bn_mean": 0.1294747107177692,
      "cp_mean": 0.7639283086302954,
      "acc_mean": 0.48,
      "nc_mean": 56.0,
      "n_sessions": 1
    },
    "SCs": {
      "bn_mean": 0.16344051368608556,
      "cp_mean": 0.8085582304034632,
      "acc_mean": 0.572,
      "nc_mean": 73.0,
      "n_sessions": 1
    },
    "SCsg": {
      "bn_mean": 0.09471041757046142,
      "cp_mean": 0.6145500339048727,
      "acc_mean": 0.7605633802816901,
      "nc_mean": 12.0,
      "n_sessions": 1
    },
    "SUB": {
      "bn_mean": 0.1571433029292796,
      "cp_mean": 0.7242004841853102,
      "acc_mean": 0.6141678321678321,
      "nc_mean": 47.5,
      "n_sessions": 2
    },
    "TH": {
      "bn_mean": 0.058492554632691686,
      "cp_mean": 0.942848930960344,
      "acc_mean": 0.476,
      "nc_mean": 52.0,
      "n_sessions": 1
    },
    "TT": {
      "bn_mean": 0.14203976630670767,
      "cp_mean": 0.8710792096475997,
      "acc_mean": 0.51,
      "nc_mean": 68.5,
      "n_sessions": 2
    },
    "VISa": {
      "bn_mean": 0.052797691937104346,
      "cp_mean": 0.8575718121989536,
      "acc_mean": 0.6736223776223775,
      "nc_mean": 41.0,
      "n_sessions": 2
    },
    "VISam": {
      "bn_mean": 0.09148790891752166,
      "cp_mean": 0.8377516481420945,
      "acc_mean": 0.524,
      "nc_mean": 38.0,
      "n_sessions": 1
    },
    "VISl": {
      "bn_mean": 0.12749396245023126,
      "cp_mean": 0.8499636685777989,
      "acc_mean": 0.444,
      "nc_mean": 104.0,
      "n_sessions": 1
    },
    "VISp": {
      "bn_mean": 0.06685167097064049,
      "cp_mean": 0.8299468191852298,
      "acc_mean": 0.56,
      "nc_mean": 48.0,
      "n_sessions": 1
    },
    "VISpm": {
      "bn_mean": 0.16261293929906226,
      "cp_mean": 0.8359222466446455,
      "acc_mean": 0.5985915492957746,
      "nc_mean": 71.0,
      "n_sessions": 1
    },
    "VPL": {
      "bn_mean": 0.2005795942709386,
      "cp_mean": 0.604944836779262,
      "acc_mean": 0.456,
      "nc_mean": 73.0,
      "n_sessions": 1
    },
    "VPM": {
      "bn_mean": 0.2676628513511095,
      "cp_mean": 0.7077851382488479,
      "acc_mean": 0.6363636363636364,
      "nc_mean": 100.0,
      "n_sessions": 1
    },
    "root": {
      "bn_mean": 0.051375847256825265,
      "cp_mean": 0.8427875290858629,
      "acc_mean": 0.654281690140845,
      "nc_mean": 18.0,
      "n_sessions": 2
    }
  },
  "regression": {
    "full_r2": 0.809404786809919,
    "coefficients": {
      "BN": 0.026235442046984858,
      "CP": -0.037564417706469906,
      "Acc": 0.015006044056878595,
      "NC": 0.06052746928862058
    },
    "n_regions": 9,
    "regions": [
      "PL",
      "ORB",
      "VISpm",
      "VISl",
      "MOs",
      "ACA",
      "RSP",
      "VISp",
      "VISam"
    ]
  }
}