{
  "timestamp": "2026-06-26T14:10:42.083823+00:00",
  "experiment": "mimic_mechanism_discriminator",
  "n_regions": 36,
  "interpretation": "COMPUTATION_NODES",
  "cross_metric_correlations": {
    "bn_vs_tau": {
      "rho": 0.23114543114543115,
      "p": 0.17497862535506722
    },
    "bn_vs_slope": {
      "rho": -0.03732303732303732,
      "p": 0.8289018496282959
    },
    "bn_vs_pr": {
      "rho": 0.48005148005148013,
      "p": 0.0030469981599639665
    }
  },
  "silencing_correlations": {
    "tau_rho": -0.13333333333333333,
    "tau_partial": -0.1982482272915518,
    "slope_rho": -0.35,
    "slope_partial": -0.776378943002241,
    "pr_rho": 0.21666666666666667,
    "pr_partial": -0.1976938432374323,
    "n": 9,
    "regions": [
      "PL",
      "ORB",
      "VISpm",
      "VISl",
      "MOs",
      "ACA",
      "RSP",
      "VISp",
      "VISam"
    ]
  },
  "region_summary": {
    "ACA": {
      "bn_mean": 0.07245005940569914,
      "tau_mean": 2.235294117647059,
      "slope_mean": -2.0927936028720127,
      "pr_mean": 4.004714903963283,
      "nc_mean": 18.0,
      "n_sessions": 1
    },
    "APN": {
      "bn_mean": 0.26831804976241447,
      "tau_mean": 3.1451612903225805,
      "slope_mean": -2.194018430503009,
      "pr_mean": 11.051342487281438,
      "nc_mean": 62.0,
      "n_sessions": 1
    },
    "CA1": {
      "bn_mean": 0.13277083696901776,
      "tau_mean": 2.726767676767677,
      "slope_mean": -1.77109537965332,
      "pr_mean": 12.725533077788048,
      "nc_mean": 59.5,
      "n_sessions": 4
    },
    "CA3": {
      "bn_mean": 0.12036589172502712,
      "tau_mean": 3.340686274509804,
      "slope_mean": -2.2375350631493163,
      "pr_mean": 8.820406842563985,
      "nc_mean": 51.5,
      "n_sessions": 2
    },
    "CL": {
      "bn_mean": 0.10109297008300158,
      "tau_mean": 1.96875,
      "slope_mean": -1.7416288798501722,
      "pr_mean": 7.857207634020048,
      "nc_mean": 32.0,
      "n_sessions": 1
    },
    "DG": {
      "bn_mean": 0.11793307144315412,
      "tau_mean": 2.186868686868687,
      "slope_mean": -2.1290321898288678,
      "pr_mean": 5.240452408398968,
      "nc_mean": 38.333333333333336,
      "n_sessions": 3
    },
    "ILA": {
      "bn_mean": 0.19505242202161915,
      "tau_mean": 2.7083333333333335,
      "slope_mean": -1.9116939592260085,
      "pr_mean": 30.25047834410667,
      "nc_mean": 144.0,
      "n_sessions": 1
    },
    "LD": {
      "bn_mean": 0.17166109172972338,
      "tau_mean": 4.014356282803335,
      "slope_mean": -1.5150831360685784,
      "pr_mean": 23.283426318923816,
      "nc_mean": 60.0,
      "n_sessions": 2
    },
    "LP": {
      "bn_mean": 0.1707747532572961,
      "tau_mean": 2.6019323671497587,
      "slope_mean": -1.847414767776293,
      "pr_mean": 27.130305287622235,
      "nc_mean": 114.66666666666667,
      "n_sessions": 3
    },
    "LS": {
      "bn_mean": 0.15776116428132228,
      "tau_mean": 2.0,
      "slope_mean": -1.170367537472303,
      "pr_mean": 21.339569000113464,
      "nc_mean": 47.0,
      "n_sessions": 1
    },
    "LSr": {
      "bn_mean": 0.07823466597333492,
      "tau_mean": 3.787878787878788,
      "slope_mean": -1.7283684511514552,
      "pr_mean": 7.964736921364197,
      "nc_mean": 33.0,
      "n_sessions": 1
    },
    "MD": {
      "bn_mean": 0.24074748214675565,
      "tau_mean": 2.425806451612903,
      "slope_mean": -1.8558500461702134,
      "pr_mean": 29.72959415263296,
      "nc_mean": 155.0,
      "n_sessions": 1
    },
    "MOs": {
      "bn_mean": 0.1491175959848873,
      "tau_mean": 3.8983946235499034,
      "slope_mean": -1.8365911018415535,
      "pr_mean": 8.27181587978541,
      "nc_mean": 73.0,
      "n_sessions": 3
    },
    "MRN": {
      "bn_mean": 0.23532509475866176,
      "tau_mean": 3.8124594419208306,
      "slope_mean": -2.010108835833618,
      "pr_mean": 4.520947129788592,
      "nc_mean": 45.0,
      "n_sessions": 2
    },
    "ORB": {
      "bn_mean": 0.18814171886683423,
      "tau_mean": 2.2483660130718954,
      "slope_mean": -1.8600256191345137,
      "pr_mean": 8.111124427826976,
      "nc_mean": 153.0,
      "n_sessions": 1
    },
    "ORBm": {
      "bn_mean": 0.16983160972583802,
      "tau_mean": 3.8934426229508197,
      "slope_mean": -1.8996979952648332,
      "pr_mean": 13.0942806907119,
      "nc_mean": 122.0,
      "n_sessions": 1
    },
    "PAG": {
      "bn_mean": 0.09270966646976186,
      "tau_mean": 2.725,
      "slope_mean": -2.098101674127378,
      "pr_mean": 10.257204835758309,
      "nc_mean": 41.0,
      "n_sessions": 1
    },
    "PL": {
      "bn_mean": 0.17149561477407196,
      "tau_mean": 4.836223776223776,
      "slope_mean": -2.0090035841244345,
      "pr_mean": 9.908760274749513,
      "nc_mean": 97.0,
      "n_sessions": 2
    },
    "PO": {
      "bn_mean": 0.30871966121976624,
      "tau_mean": 3.206174384647476,
      "slope_mean": -1.9574563393876585,
      "pr_mean": 45.69193760880384,
      "nc_mean": 174.5,
      "n_sessions": 2
    },
    "POL": {
      "bn_mean": 0.14458432762460635,
      "tau_mean": 2.1794871794871793,
      "slope_mean": -1.7116330038092544,
      "pr_mean": 13.55577156811843,
      "nc_mean": 39.0,
      "n_sessions": 1
    },
    "RSP": {
      "bn_mean": 0.11755081813568513,
      "tau_mean": 2.5782430464910226,
      "slope_mean": -1.8325928012402735,
      "pr_mean": 22.13096830341873,
      "nc_mean": 91.33333333333333,
      "n_sessions": 3
    },
    "SCig": {
      "bn_mean": 0.31959778267871164,
      "tau_mean": 5.061538461538461,
      "slope_mean": -2.0690751644844108,
      "pr_mean": 2.6365314549440617,
      "nc_mean": 65.0,
      "n_sessions": 1
    },
    "SCm": {
      "bn_mean": 0.1294747107177692,
      "tau_mean": 3.9464285714285716,
      "slope_mean": -1.8580373012243316,
      "pr_mean": 14.589416197803212,
      "nc_mean": 56.0,
      "n_sessions": 1
    },
    "SCs": {
      "bn_mean": 0.16344051368608556,
      "tau_mean": 3.3013698630136985,
      "slope_mean": -1.9234226210356098,
      "pr_mean": 12.685266489410521,
      "nc_mean": 73.0,
      "n_sessions": 1
    },
    "SCsg": {
      "bn_mean": 0.09471041757046142,
      "tau_mean": 2.5,
      "slope_mean": -1.5668686732165877,
      "pr_mean": 6.009587870501474,
      "nc_mean": 12.0,
      "n_sessions": 1
    },
    "SUB": {
      "bn_mean": 0.1571433029292796,
      "tau_mean": 3.875361620057859,
      "slope_mean": -1.789140134996823,
      "pr_mean": 6.905933199802535,
      "nc_mean": 47.5,
      "n_sessions": 2
    },
    "TH": {
      "bn_mean": 0.058492554632691686,
      "tau_mean": 2.4615384615384617,
      "slope_mean": -2.068322406792815,
      "pr_mean": 4.028113111208913,
      "nc_mean": 52.0,
      "n_sessions": 1
    },
    "TT": {
      "bn_mean": 0.14203976630670767,
      "tau_mean": 2.6873614190687363,
      "slope_mean": -2.036407464757117,
      "pr_mean": 4.934961035170514,
      "nc_mean": 68.5,
      "n_sessions": 2
    },
    "VISa": {
      "bn_mean": 0.052797691937104346,
      "tau_mean": 3.14452798663325,
      "slope_mean": -1.8031953837862191,
      "pr_mean": 7.599837665167924,
      "nc_mean": 41.0,
      "n_sessions": 2
    },
    "VISam": {
      "bn_mean": 0.09148790891752166,
      "tau_mean": 3.9473684210526314,
      "slope_mean": -1.9053704223904806,
      "pr_mean": 4.050853123425211,
      "nc_mean": 38.0,
      "n_sessions": 1
    },
    "VISl": {
      "bn_mean": 0.12749396245023126,
      "tau_mean": 3.4711538461538463,
      "slope_mean": -1.8724653568574985,
      "pr_mean": 16.315787610998104,
      "nc_mean": 104.0,
      "n_sessions": 1
    },
    "VISp": {
      "bn_mean": 0.06685167097064049,
      "tau_mean": 4.25,
      "slope_mean": -1.637863342218075,
      "pr_mean": 8.67457811679935,
      "nc_mean": 48.0,
      "n_sessions": 1
    },
    "VISpm": {
      "bn_mean": 0.16261293929906226,
      "tau_mean": 2.3714285714285714,
      "slope_mean": -2.0178927828599287,