{
  "timestamp": "2026-06-26T02:49:24.902839+00:00",
  "full_sample": {
    "rho": 0.8655767810204984,
    "p": 0.002564667407494514,
    "partial": 0.6683215065968029,
    "n": 9
  },
  "jackknife": {
    "ACA": {
      "rho": 0.9940297973880048,
      "p": 5.296153515645125e-07,
      "partial": 0.9865535487745504,
      "delta": 0.3182320421777475
    },
    "MOs": {
      "rho": 0.8503146459584139,
      "p": 0.007471414639953455,
      "partial": 0.7047285546694014,
      "delta": 0.036407048072598536
    },
    "ORB": {
      "rho": 0.807287510292399,
      "p": 0.015406042114106002,
      "partial": 0.5653218145784258,
      "delta": -0.10299969201837711
    },
    "PL": {
      "rho": 0.807287510292399,
      "p": 0.015406042114106002,
      "partial": 0.3860701961148172,
      "delta": -0.2822513104819857
    },
    "RSP": {
      "rho": 0.8982196964349441,
      "p": 0.002438796796382354,
      "partial": 0.7439915319929695,
      "delta": 0.07567002539616663
    },
    "VISam": {
      "rho": 0.8916309815169778,
      "p": 0.002928680906134818,
      "partial": 0.7322951060379154,
      "delta": 0.06397359944111247
    },
    "VISl": {
      "rho": 0.807287510292399,
      "p": 0.015406042114106002,
      "partial": 0.5653218145784258,
      "delta": -0.10299969201837711
    },
    "VISp": {
      "rho": 0.8982196964349441,
      "p": 0.002438796796382354,
      "partial": 0.7667665787382485,
      "delta": 0.0984450721414456
    },
    "VISpm": {
      "rho": 0.807287510292399,
      "p": 0.015406042114106002,
      "partial": 0.5653218145784258,
      "delta": -0.10299969201837711
    }
  },
  "jackknife_summary": {
    "partial_range": [
      0.3860701961148172,
      0.9865535487745504
    ],
    "partial_mean": 0.6684856622292422,
    "partial_std": 0.161107100894825,
    "worst_drop": "PL",
    "worst_partial": 0.3860701961148172
  },
  "bootstrap": {
    "n_resamples": 9953,
    "partial_ci_95": [
      0.0,
      1.0
    ],
    "rho_ci_95": [
      0.3453491784352057,
      1.0
    ],
    "frac_positive": 0.8975183361800462,
    "mean_partial": 0.6171193529668265,
    "median_partial": 0.6680411725428577
  }
}