{
  "timestamp": "2026-06-26T00:56:54.958601+00:00",
  "n_pairs": 325,
  "rho_raw": 0.37410134060440814,
  "p_raw": 3.1015951304427257e-12,
  "rho_curv_nc": 0.8420091825344272,
  "rho_miss_nc": 0.5059480362081528,
  "rho_partial": -0.11156061109192122
}