{
  "timestamp": "2026-06-26T01:45:02.849594+00:00",
  "n_regions": 50,
  "region_stability": {
    "ACA": {
      "n_sessions": 11,
      "mean_eq": 0.5361063068908155,
      "std_eq": 0.21517147433892778,
      "cv": 0.4013597145437314,
      "min_eq": 0.19914978919924542,
      "max_eq": 1.0,
      "range_eq": 0.8008502108007546
    },
    "ACB": {
      "n_sessions": 3,
      "mean_eq": 0.6728265688374728,
      "std_eq": 0.09642389754671786,
      "cv": 0.14331166752078534,
      "min_eq": 0.5448961556585183,
      "max_eq": 0.7776783143492703,
      "range_eq": 0.23278215869075192
    },
    "APN": {
      "n_sessions": 2,
      "mean_eq": 0.8739378307251925,
      "std_eq": 0.1260621692748075,
      "cv": 0.14424615210417963,
      "min_eq": 0.747875661450385,
      "max_eq": 1.0,
      "range_eq": 0.252124338549615
    },
    "BLA": {
      "n_sessions": 2,
      "mean_eq": 0.8989670874186946,
      "std_eq": 0.10103291258130542,
      "cv": 0.11238777702104069,
      "min_eq": 0.7979341748373892,
      "max_eq": 1.0,
      "range_eq": 0.20206582516261085
    },
    "CA1": {
      "n_sessions": 20,
      "mean_eq": 0.5560030476871644,
      "std_eq": 0.20018568218513116,
      "cv": 0.3600442173506959,
      "min_eq": 0.24193960825523572,
      "max_eq": 1.0,
      "range_eq": 0.7580603917447643
    },
    "CA3": {
      "n_sessions": 8,
      "mean_eq": 0.5707699220112719,
      "std_eq": 0.17581790456711546,
      "cv": 0.3080363869153562,
      "min_eq": 0.27511308413429303,
      "max_eq": 0.7865863457252695,
      "range_eq": 0.5114732615909765
    },
    "CP": {
      "n_sessions": 5,
      "mean_eq": 0.8318668973917672,
      "std_eq": 0.22597616858610586,
      "cv": 0.2716494300560172,
      "min_eq": 0.43250985766536565,
      "max_eq": 1.0,
      "range_eq": 0.5674901423346344
    },
    "DG": {
      "n_sessions": 16,
      "mean_eq": 0.48033059984338733,
      "std_eq": 0.17119552635484117,
      "cv": 0.356411867940578,
      "min_eq": 0.2105561967198024,
      "max_eq": 0.8636280149735809,
      "range_eq": 0.6530718182537785
    },
    "GPe": {
      "n_sessions": 3,
      "mean_eq": 0.8359408357288997,
      "std_eq": 0.12519955667994423,
      "cv": 0.14977083462587307,
      "min_eq": 0.6610959038245393,
      "max_eq": 0.9475362375764476,
      "range_eq": 0.28644033375190825
    },
    "ILA": {
      "n_sessions": 3,
      "mean_eq": 0.7309138085042478,
      "std_eq": 0.1529625871338269,
      "cv": 0.20927582066882017,
      "min_eq": 0.5365650800331203,
      "max_eq": 0.9103545595588055,
      "range_eq": 0.3737894795256852
    },
    "LD": {
      "n_sessions": 5,
      "mean_eq": 0.61870858357515,
      "std_eq": 0.23245590536406455,
      "cv": 0.37571146012435863,
      "min_eq": 0.3629453114978911,
      "max_eq": 1.0,
      "range_eq": 0.6370546885021089
    },
    "LGd": {
      "n_sessions": 8,
      "mean_eq": 0.7557353237185604,
      "std_eq": 0.172175376909799,
      "cv": 0.22782496924959864,
      "min_eq": 0.49494437426369486,
      "max_eq": 1.0,
      "range_eq": 0.5050556257363051
    },
    "LP": {
      "n_sessions": 10,
      "mean_eq": 0.5803729546993563,
      "std_eq": 0.2334341642358914,
      "cv": 0.4022140630529434,
      "min_eq": 0.3114579893414746,
      "max_eq": 1.0,
      "range_eq": 0.6885420106585254
    },
    "LS": {
      "n_sessions": 3,
      "mean_eq": 0.8702606430883649,
      "std_eq": 0.15624048824279826,
      "cv": 0.1795329818321803,
      "min_eq": 0.6504961303073237,
      "max_eq": 0.9999999999999999,
      "range_eq": 0.3495038696926762
    },
    "LSr": {
      "n_sessions": 2,
      "mean_eq": 0.7213847616878752,
      "std_eq": 0.27861523831212476,
      "cv": 0.38622279409064114,
      "min_eq": 0.44276952337575054,
      "max_eq": 1.0,
      "range_eq": 0.5572304766242495
    },
    "MB": {
      "n_sessions": 6,
      "mean_eq": 0.7113737451972747,
      "std_eq": 0.20897416627042528,
      "cv": 0.293761426608593,
      "min_eq": 0.48220832201888336,
      "max_eq": 1.0,
      "range_eq": 0.5177916779811167
    },
    "MD": {
      "n_sessions": 3,
      "mean_eq": 0.9081791730365861,
      "std_eq": 0.06859846403596859,
      "cv": 0.07553406427395762,
      "min_eq": 0.8351518699110203,
      "max_eq": 1.0,
      "range_eq": 0.1648481300889797
    },
    "MG": {
      "n_sessions": 2,
      "mean_eq": 0.9145506407900004,
      "std_eq": 0.0027693789206651998,
      "cv": 0.003028130752792609,
      "min_eq": 0.9117812618693352,
      "max_eq": 0.9173200197106656,
      "range_eq": 0.0055387578413303995
    },
    "MOp": {
      "n_sessions": 3,
      "mean_eq": 1.0,
      "std_eq": 0.0,
      "cv": 0.0,
      "min_eq": 1.0,
      "max_eq": 1.0,
      "range_eq": 0.0
    },
    "MOs": {
      "n_sessions": 17,
      "mean_eq": 0.612208656097338,
      "std_eq": 0.27030200707018714,
      "cv": 0.44151941390233884,
      "min_eq": 0.0,
      "max_eq": 1.0,
      "range_eq": 1.0
    },
    "MRN": {
      "n_sessions": 11,
      "mean_eq": 0.6717683011448536,
      "std_eq": 0.1859727353099432,
      "cv": 0.2768405936471209,
      "min_eq": 0.3601227595087872,
      "max_eq": 1.0,
      "range_eq": 0.6398772404912128
    },
    "OLF": {
      "n_sessions": 2,
      "mean_eq": 0.7821798882196146,
      "std_eq": 0.095727879562164,
      "cv": 0.12238601502247734,
      "min_eq": 0.6864520086574506,
      "max_eq": 0.8779077677817786,
      "range_eq": 0.191455759124328
    },
    "ORB": {
      "n_sessions": 5,
      "mean_eq": 0.7839240950085032,
      "std_eq": 0.3931963592005702,
      "cv": 0.5015745295418529,
      "min_eq": 0.0,
      "max_eq": 1.0,
      "range_eq": 1.0
    },
    "PAG": {
      "n_sessions": 2,
      "mean_eq": 0.6391824155290555,
      "std_eq": 0.19063626563175154,
      "cv": 0.2982501723614152,
      "min_eq": 0.44854614989730396,
      "max_eq": 0.829818681160807,
      "range_eq": 0.3812725312635031
    },
    "PL": {
      "n_sessions": 8,
      "mean_eq": 0.6930689677662987,
      "std_eq": 0.20860254462895486,
      "cv": 0.30098381878381375,
      "min_eq": 0.4320979422074246,
      "max_eq": 1.0,
      "range_eq": 0.5679020577925754
    },
    "PO": {
      "n_sessions": 5,
      "mean_eq": 0.7756072707935293,
      "std_eq": 0.22817566962793845,
      "cv": 0.29418969907936954,
      "min_eq": 0.4715162891573336,
      "max_eq": 1.0,
      "range_eq": 0.5284837108426663
    },
    "POL": {
      "n_sessions": 3,
      "mean_eq": 0.6560833531032046,
      "std_eq": 0.26055910270760196,
      "cv": 0.3971432919848838,
      "min_eq": 0.3695494039915152,
      "max_eq": 1.0,
      "range_eq": 0.6304505960084847
    },
    "POST": {
      "n_sessions": 4,
      "mean_eq": 0.5785194220007448,
      "std_eq": 0.24449694112096715,
      "cv": 0.42262529446831576,
      "min_eq": 0.3404597325001939,
      "max_eq": 0.974547718033598,
      "range_eq": 0.6340879855334041
    },
    "RSP": {
      "n_sessions": 9,
      "mean_eq": 0.6485059998224781,
      "std_eq": 0.18975402093353178,
      "cv": 0.29260179698601835,
      "min_eq": 0.3250224714118988,
      "max_eq": 0.9999999999999999,
      "range_eq": 0.6749775285881011
    },
    "RT": {
      "n_sessions": 2,
      "mean_eq": 0.6593153634352231,
      "std_eq": 0.13727405751601818,
      "cv": 0.20820697515671419,
      "min_eq": 0.522041305919205,
      "max_eq": 0.7965894209512413,
      "range_eq": 0.27454811503203636
    },
    "SCig": {
      "n_sessions": 4,
      "mean_eq": 0.9364968098887342,
      "std_eq": 0.10999075171541785,
      "cv": 0.11744914722853247,
      "min_eq": 0.7459872395549368,
      "max_eq": 1.0,
      "range_eq": 0.25401276044506316
    },
    "SCm": {
      "n_sessions": 7,
      "mean_eq": 0.5609428060573495,
      "std_eq": 0.15733464558776047,
      "cv": 0.2804825088417779,
      "min_eq": 0.3356715862866412,
      "max_eq": 0.8698015805823558,
      "range_eq": 0.5341299942957146
    },
    "SCs": {
      "n_sessions": 4,